https://gamecharts.org;
https://gamecharts.org/privacy;
https://gamecharts.org/about;
https://gamecharts.org/cookies;
https://gamecharts.org/steam;
https://gamecharts.org/steam/player_count;
https://gamecharts.org/steam/player_average;
https://gamecharts.org/steam/counter-strike-global-offensive;topccu
https://gamecharts.org/steam/dota-2;topccu
https://gamecharts.org/steam/playerunknowns-battlegrounds;topccu
https://gamecharts.org/steam/grand-theft-auto-v;topccu
https://gamecharts.org/steam/apex-legends;topccu
https://gamecharts.org/steam/destiny-2;topccu
https://gamecharts.org/steam/team-fortress-2;topccu
https://gamecharts.org/steam/ark-survival-evolved;topccu
https://gamecharts.org/steam/football-manager-2021;topccu
https://gamecharts.org/steam/tom-clancys-rainbow-six-siege;topccu
https://gamecharts.org/steam/among-us;topccu
https://gamecharts.org/steam/rust;topccu
https://gamecharts.org/steam/wallpaper-engine;topccu
https://gamecharts.org/steam/rocket-league;topccu
https://gamecharts.org/steam/warframe;topccu
https://gamecharts.org/steam/source-sdk-base-2007;topccu
https://gamecharts.org/steam/monster-hunter-world;topccu
https://gamecharts.org/steam/sid-meiers-civilization-vi;topccu
https://gamecharts.org/steam/dead-by-daylight;topccu
https://gamecharts.org/steam/euro-truck-simulator-2;topccu
https://gamecharts.org/steam/eternal-return-black-survival;topccu
https://gamecharts.org/steam/terraria;topccu
https://gamecharts.org/steam/war-thunder;topccu
https://gamecharts.org/steam/football-manager-2020;topccu
https://gamecharts.org/steam/the-witcher-3-wild-hunt;topccu
https://gamecharts.org/steam/world-of-tanks-blitz;topccu
https://gamecharts.org/steam/hearts-of-iron-iv;topccu
https://gamecharts.org/steam/total-war-warhammer-ii;topccu
https://gamecharts.org/steam/7-days-to-die;topccu
https://gamecharts.org/steam/farming-simulator-19;topccu
https://gamecharts.org/steam/garrys-mod;topccu
https://gamecharts.org/steam/left-4-dead-2;topccu
https://gamecharts.org/steam/red-dead-redemption-2;topccu
https://gamecharts.org/steam/dont-starve-together;topccu
https://gamecharts.org/steam/payday-2;topccu
https://gamecharts.org/steam/dayz;topccu
https://gamecharts.org/steam/hades;topccu
https://gamecharts.org/steam/unturned;topccu
https://gamecharts.org/steam/phasmophobia;topccu
https://gamecharts.org/steam/cities-skylines;topccu
https://gamecharts.org/steam/ea-sports™-fifa-21-;topccu
https://gamecharts.org/steam/crusader-kings-iii;topccu
https://gamecharts.org/steam/sid-meiers-civilization-v;topccu
https://gamecharts.org/steam/dark-souls™-iii;topccu
https://gamecharts.org/steam/age-of-empires-ii-definitive-edition;topccu
https://gamecharts.org/steam/the-elder-scrolls-online;topccu
https://gamecharts.org/steam/fall-guys-ultimate-knockout;topccu
https://gamecharts.org/steam/fallout-4;topccu
https://gamecharts.org/steam/stardew-valley;topccu
https://gamecharts.org/steam/nba-2k20;topccu
https://gamecharts.org/steam/europa-universalis-iv;topccu
https://gamecharts.org/steam/raft;topccu
https://gamecharts.org/steam/sea-of-thieves;topccu
https://gamecharts.org/steam/the-elder-scrolls-v-skyrim-special-edition;topccu
https://gamecharts.org/steam/the-sims™-4;topccu
https://gamecharts.org/steam/rimworld;topccu
https://gamecharts.org/steam/arma-3;topccu
https://gamecharts.org/steam/assassins-creed-odyssey;topccu
https://gamecharts.org/steam/stellaris;topccu
https://gamecharts.org/steam/black-desert-online;topccu
https://gamecharts.org/steam/counter-strike;topccu
https://gamecharts.org/steam/path-of-exile;topccu
https://gamecharts.org/steam/brawlhalla;topccu
https://gamecharts.org/steam/the-forest;topccu
https://gamecharts.org/steam/factorio;topccu
https://gamecharts.org/steam/spacewar;topccu
https://gamecharts.org/steam/divinity-original-sin-2;topccu
https://gamecharts.org/steam/borderlands-3;topccu
https://gamecharts.org/steam/nba-2k21;topccu
https://gamecharts.org/steam/mount--blade-ii-bannerlord;topccu
https://gamecharts.org/steam/dying-light;topccu
https://gamecharts.org/steam/vrchat;topccu
https://gamecharts.org/steam/world-of-warships;topccu
https://gamecharts.org/steam/halo-the-master-chief-collection;topccu
https://gamecharts.org/steam/elite-dangerous;topccu
https://gamecharts.org/steam/smite;topavg
https://gamecharts.org/steam/final-fantasy-xiv-online;topavg
https://gamecharts.org/steam/tabletop-simulator;topavg
https://gamecharts.org/steam/hentai-shooter-3d;trendingccu
https://gamecharts.org/steam/existentia;trendingccu
https://gamecharts.org/steam/evil;trendingccu
https://gamecharts.org/steam/demon-horde-master;trendingccu
https://gamecharts.org/steam/from-the-shadows;trendingccu
https://gamecharts.org/steam/gorky-17;trendingccu
https://gamecharts.org/steam/die-for-the-empire;trendingccu
https://gamecharts.org/steam/serena;trendingccu
https://gamecharts.org/steam/tinkertown-playtest;trendingccu
https://gamecharts.org/steam/the-awesome-adventures-of-captain-spirit;trendingccu
https://gamecharts.org/steam/house-of-1000-doors-serpent-flame;trendingccu
https://gamecharts.org/steam/electric-circuit;trendingavg
https://gamecharts.org/steam/epic-mayhem;trendingavg
https://gamecharts.org/steam/volstead;trendingavg
https://gamecharts.org/steam/chicken-shoot-gold;trendingavg
https://gamecharts.org/steam/skyborn;trendingavg
https://gamecharts.org/steam/dark-deception-monsters--mortals;trendingavg
https://gamecharts.org/idcgames;
https://gamecharts.org/idcgames/player_count;
https://gamecharts.org/idcgames/player_average;
https://gamecharts.org/idcgames/zula;topccu
https://gamecharts.org/idcgames/blockpost;topccu
https://gamecharts.org/idcgames/desert-child;topccu
https://gamecharts.org/idcgames/chicken-assassin-reloaded;topccu
https://gamecharts.org/idcgames/metal-assault;topccu
https://gamecharts.org/idcgames/bang-shooter;topccu
https://gamecharts.org/idcgames/weapons-of-mythology;topccu
https://gamecharts.org/idcgames/astro-lords;topccu
https://gamecharts.org/idcgames/champions-of-titan;topccu
https://gamecharts.org/idcgames/citybattle--virtual-earth-eu;topccu
https://gamecharts.org/idcgames/pc-fútbol-stars;topccu
https://gamecharts.org/idcgames/pc-fútbol-legends;topccu
https://gamecharts.org/idcgames/physics-drop;topccu
https://gamecharts.org/idcgames/project-xandata;topccu
https://gamecharts.org/idcgames/heroversus---the-legend-of-ki-masters;topccu
